{
  "total_features_original": 21564,
  "total_features_wgs84_clipped": 385,
  "geometry_type": [
    "MultiPolygon"
  ],
  "coordinate_system": "EPSG:27700",
  "bounding_box": {
    "min_x": 90093.8921999997,
    "min_y": 10072.4323999994,
    "max_x": 655506.188,
    "max_y": 653501.996300001
  },
  "wgs84_coordinate_system": "EPSG:4326",
  "wgs84_bounding_box": {
    "min_x": -1.6075412373,
    "min_y": 52.3821710451,
    "max_x": -0.4183648815,
    "max_y": 52.9876790938
  },
  "clip_bbox_wgs84": {
    "min_x": -1.6075412373,
    "min_y": 52.3821710451,
    "max_x": -0.4183648815,
    "max_y": 52.9876790938
  },
  "columns": [
    "layer",
    "geometry"
  ],
  "input_dir": "/Volumes/DevProjects/data/leicester-flood-map/NDL-historic",
  "output_dir": "docs"
}